id_jogo;nacao;campeonato;ano;dia;home;away;HTHG;HTAG;FTHG;FTAG;home_goal_timings;away_goal_timings;odd_home;odd_draw;odd_away;over25;btts;endereco
GIkSQfeT;BRAZIL;SERIE B;2023;14.04.2023;Guarani;Avai;1;0;4;1;[14, 77, 84, 90];[55];2.1;2.87;3.85;2.5;2.1;https://www.flashscore.com/match/GIkSQfeT/#/
l6KtpIei;BRAZIL;SERIE B;2023;14.04.2023;Ituano;Ceara;1;0;2;0;[39, 90];[];2.72;3.0;2.62;2.32;1.95;https://www.flashscore.com/match/l6KtpIei/#/
MaSfME3p;BRAZIL;SERIE B;2023;15.04.2023;Vila Nova FC;Novorizontino;2;0;2;1;[10, 45];[90];2.25;2.9;3.45;2.57;2.15;https://www.flashscore.com/match/MaSfME3p/#/
MeCgsGuA;BRAZIL;SERIE B;2023;15.04.2023;Sampaio Correa;Atletico GO;1;2;3;3;[43, 83, 90];[24, 44, 81];2.65;2.9;2.82;2.42;2.02;https://www.flashscore.com/match/MeCgsGuA/#/
SdJpqxBc;BRAZIL;SERIE B;2023;15.04.2023;Mirassol;Chapecoense-SC;0;0;1;0;[63];[];2.1;3.0;3.7;2.42;2.1;https://www.flashscore.com/match/SdJpqxBc/#/
GIBctzeG;BRAZIL;SERIE B;2023;15.04.2023;Juventude;Botafogo SP;0;1;1;2;[52];[45, 60];1.91;3.15;4.2;2.32;2.05;https://www.flashscore.com/match/GIBctzeG/#/
0jRbLYIj;BRAZIL;SERIE B;2023;16.04.2023;Criciuma;Tombense;1;0;2;0;[2, 68];[];1.55;3.55;6.4;2.27;2.32;https://www.flashscore.com/match/0jRbLYIj/#/
f9A1ufAM;BRAZIL;SERIE B;2023;16.04.2023;Londrina;ABC;0;0;1;0;[89];[];2.32;2.95;3.25;2.52;2.12;https://www.flashscore.com/match/f9A1ufAM/#/
AL8krdQ3;BRAZIL;SERIE B;2023;16.04.2023;Vitoria;Ponte Preta;2;0;3;0;[20, 45, 86];[];2.45;3.0;2.95;2.32;1.98;https://www.flashscore.com/match/AL8krdQ3/#/
8GjxZimj;BRAZIL;SERIE B;2023;21.04.2023;Atletico GO;CRB;2;0;2;1;[13, 38];[90];1.7;3.5;4.9;2.2;2.15;https://www.flashscore.com/match/8GjxZimj/#/
OOYOdeuc;BRAZIL;SERIE B;2023;21.04.2023;Botafogo SP;Sampaio Correa;1;0;1;0;[11];[];1.95;3.1;4.1;2.25;2.0;https://www.flashscore.com/match/OOYOdeuc/#/
EgiYZXXq;BRAZIL;SERIE B;2023;21.04.2023;Ponte Preta;Criciuma;1;2;1;2;[14];[12, 32];2.52;2.92;2.95;2.5;2.05;https://www.flashscore.com/match/EgiYZXXq/#/
pbPqhXgS;BRAZIL;SERIE B;2023;22.04.2023;Tombense;Ituano;1;0;3;0;[42, 68, 81];[];2.5;3.0;2.9;2.32;1.98;https://www.flashscore.com/match/pbPqhXgS/#/
MJftYB2d;BRAZIL;SERIE B;2023;22.04.2023;Avai;Mirassol;0;0;1;0;[90];[];2.4;2.92;3.15;2.3;1.93;https://www.flashscore.com/match/MJftYB2d/#/
2FXSeFf3;BRAZIL;SERIE B;2023;22.04.2023;Novorizontino;Juventude;1;0;1;0;[38];[];2.12;2.95;3.7;2.37;2.02;https://www.flashscore.com/match/2FXSeFf3/#/
lWVzfgPF;BRAZIL;SERIE B;2023;22.04.2023;Ceara;Guarani;0;2;0;3;[];[11, 25, 90];1.75;3.4;4.6;2.18;2.05;https://www.flashscore.com/match/lWVzfgPF/#/
WfLugDvM;BRAZIL;SERIE B;2023;23.04.2023;Chapecoense-SC;Londrina;0;0;3;0;[53, 58, 75];[];1.85;3.2;4.4;2.5;2.25;https://www.flashscore.com/match/WfLugDvM/#/
2wCBmi2q;BRAZIL;SERIE B;2023;23.04.2023;ABC;Vitoria;0;0;0;3;[];[76, 84, 90];2.22;2.95;3.45;2.37;2.02;https://www.flashscore.com/match/2wCBmi2q/#/
W80E7CgF;BRAZIL;SERIE B;2023;28.04.2023;Vitoria;Londrina;2;0;2;0;[8, 18];[];1.8;3.3;4.6;2.25;2.1;https://www.flashscore.com/match/W80E7CgF/#/
xd4Opkn2;BRAZIL;SERIE B;2023;28.04.2023;Criciuma;Avai;1;0;1;0;[33];[];1.72;3.45;4.75;2.3;2.22;https://www.flashscore.com/match/xd4Opkn2/#/
tUAFnBHk;BRAZIL;SERIE B;2023;28.04.2023;Guarani;Ituano;1;0;1;0;[45];[];1.87;3.3;4.1;2.3;2.1;https://www.flashscore.com/match/tUAFnBHk/#/
AaaI6W8L;BRAZIL;SERIE B;2023;29.04.2023;Sampaio Correa;Mirassol;0;1;1;3;[69];[6, 77, 80];2.3;3.0;3.25;2.22;1.9;https://www.flashscore.com/match/AaaI6W8L/#/
vZ3M5jOR;BRAZIL;SERIE B;2023;29.04.2023;Chapecoense-SC;Ponte Preta;0;1;1;1;[90];[33];2.12;3.05;3.6;2.4;2.05;https://www.flashscore.com/match/vZ3M5jOR/#/
jah69YO2;BRAZIL;SERIE B;2023;29.04.2023;Botafogo SP;CRB;1;0;2;0;[23, 90];[];2.3;2.87;3.4;2.5;2.05;https://www.flashscore.com/match/jah69YO2/#/
trjl1AWr;BRAZIL;SERIE B;2023;29.04.2023;Tombense;Atletico GO;0;1;1;1;[70];[17];2.37;3.15;2.95;2.18;1.9;https://www.flashscore.com/match/trjl1AWr/#/
lpB98hv9;BRAZIL;SERIE B;2023;30.04.2023;Novorizontino;Sport Recife;0;0;0;0;[];[];1.75;3.4;4.7;2.25;2.15;https://www.flashscore.com/match/lpB98hv9/#/
O6ug0Uok;BRAZIL;SERIE B;2023;30.04.2023;ABC;Ceara;1;2;1;2;[33];[6, 42];2.67;3.0;2.67;2.37;2.02;https://www.flashscore.com/match/O6ug0Uok/#/
b55KoVWe;BRAZIL;SERIE B;2023;30.04.2023;Vila Nova FC;Juventude;1;0;1;0;[25];[];1.8;3.3;4.5;2.22;2.05;https://www.flashscore.com/match/b55KoVWe/#/
GK2Q01x0;BRAZIL;SERIE B;2023;01.05.2023;Londrina;Criciuma;1;1;1;1;[29];[10];3.3;2.85;2.32;2.42;2.02;https://www.flashscore.com/match/GK2Q01x0/#/
xAqcal1e;BRAZIL;SERIE B;2023;02.05.2023;Ponte Preta;Botafogo SP;0;0;2;0;[62, 72];[];1.93;3.15;4.15;2.25;2.0;https://www.flashscore.com/match/xAqcal1e/#/
pf7UaLi6;BRAZIL;SERIE B;2023;02.05.2023;CRB;Sampaio Correa;0;0;0;0;[];[];1.75;3.55;4.5;2.05;1.95;https://www.flashscore.com/match/pf7UaLi6/#/
WWr1b8G1;BRAZIL;SERIE B;2023;02.05.2023;Atletico GO;Chapecoense-SC;1;0;2;1;[20, 89];[67];1.65;3.5;5.4;2.12;2.1;https://www.flashscore.com/match/WWr1b8G1/#/
l6npLVNE;BRAZIL;SERIE B;2023;03.05.2023;Mirassol;Novorizontino;0;1;0;2;[];[41, 65];2.1;3.05;3.65;2.3;1.98;https://www.flashscore.com/match/l6npLVNE/#/
xU3M1sNg;BRAZIL;SERIE B;2023;03.05.2023;Juventude;Guarani;1;0;1;0;[9];[];2.32;2.95;3.2;2.25;1.9;https://www.flashscore.com/match/xU3M1sNg/#/
AFmtMB88;BRAZIL;SERIE B;2023;03.05.2023;Ituano;ABC;2;0;3;0;[10, 13, 62];[];2.18;3.0;3.5;2.52;2.15;https://www.flashscore.com/match/AFmtMB88/#/
ANs5cSV7;BRAZIL;SERIE B;2023;03.05.2023;Avai;Vila Nova FC;0;2;0;3;[];[30, 39, 55];2.05;3.05;3.8;2.37;2.05;https://www.flashscore.com/match/ANs5cSV7/#/
WnmPL2EP;BRAZIL;SERIE B;2023;05.05.2023;Botafogo SP;Vitoria;0;1;0;3;[];[35, 62, 90];2.47;2.8;3.15;2.5;2.02;https://www.flashscore.com/match/WnmPL2EP/#/
IqascJyP;BRAZIL;SERIE B;2023;06.05.2023;Criciuma;Ituano;0;0;2;1;[50, 56];[67];1.78;3.3;4.7;2.27;2.1;https://www.flashscore.com/match/IqascJyP/#/
xlW7DvM5;BRAZIL;SERIE B;2023;06.05.2023;Tombense;Avai;0;1;0;1;[];[39];1.95;3.2;3.95;2.3;2.05;https://www.flashscore.com/match/xlW7DvM5/#/
UNSaF0ig;BRAZIL;SERIE B;2023;06.05.2023;Sampaio Correa;Juventude;0;1;2;1;[59, 78];[45];1.93;3.3;3.9;2.15;1.93;https://www.flashscore.com/match/UNSaF0ig/#/
YeZjHMMt;BRAZIL;SERIE B;2023;06.05.2023;Mirassol;Vila Nova FC;1;1;1;1;[12];[2];1.95;3.1;4.05;2.4;2.12;https://www.flashscore.com/match/YeZjHMMt/#/
KCLCCbyC;BRAZIL;SERIE B;2023;06.05.2023;CRB;ABC;0;0;1;1;[90];[67];1.65;3.45;5.3;2.3;2.22;https://www.flashscore.com/match/KCLCCbyC/#/
OpS3EK6a;BRAZIL;SERIE B;2023;06.05.2023;Chapecoense-SC;Novorizontino;1;1;1;1;[33];[4];2.4;2.95;3.1;2.32;1.95;https://www.flashscore.com/match/OpS3EK6a/#/
Op6Ybu7C;BRAZIL;SERIE B;2023;07.05.2023;Ponte Preta;Ceara;0;0;0;0;[];[];2.42;3.0;3.0;2.27;1.93;https://www.flashscore.com/match/Op6Ybu7C/#/
jXTeGtxm;BRAZIL;SERIE B;2023;07.05.2023;Sport Recife;Guarani;2;0;2;0;[29, 44];[];1.53;3.55;6.7;2.15;2.2;https://www.flashscore.com/match/jXTeGtxm/#/
69ewbaMI;BRAZIL;SERIE B;2023;08.05.2023;Atletico GO;Londrina;1;0;2;1;[15, 75];[79];1.57;3.7;5.8;1.95;2.0;https://www.flashscore.com/match/69ewbaMI/#/
f5EH2N7m;BRAZIL;SERIE B;2023;10.05.2023;Ceara;Vitoria;0;0;0;2;[];[49, 62];1.65;3.55;5.2;2.12;2.1;https://www.flashscore.com/match/f5EH2N7m/#/
t2AD33hs;BRAZIL;SERIE B;2023;10.05.2023;Sport Recife;Tombense;2;1;3;2;[14, 35, 54];[32, 70];1.39;4.15;8.25;2.05;2.37;https://www.flashscore.com/match/t2AD33hs/#/
hvZJAx6O;BRAZIL;SERIE B;2023;12.05.2023;Vila Nova FC;Criciuma;0;0;0;0;[];[];2.4;2.95;3.05;2.52;2.1;https://www.flashscore.com/match/hvZJAx6O/#/
WUXN9dLU;BRAZIL;SERIE B;2023;12.05.2023;Avai;Chapecoense-SC;0;1;1;4;[90];[8, 58, 90, 90];2.18;3.05;3.4;2.42;2.1;https://www.flashscore.com/match/WUXN9dLU/#/
2DrqB6H4;BRAZIL;SERIE B;2023;13.05.2023;Juventude;Mirassol;0;0;0;1;[];[53];2.2;3.0;3.4;2.32;1.98;https://www.flashscore.com/match/2DrqB6H4/#/
COkWD8Xo;BRAZIL;SERIE B;2023;13.05.2023;Novorizontino;CRB;0;0;0;1;[];[63];1.65;3.4;5.5;2.25;2.15;https://www.flashscore.com/match/COkWD8Xo/#/
b3KGBIjI;BRAZIL;SERIE B;2023;13.05.2023;Guarani;Sampaio Correa;2;0;2;0;[4, 8];[];1.8;3.2;4.65;2.15;1.98;https://www.flashscore.com/match/b3KGBIjI/#/
pxlvCn2b;BRAZIL;SERIE B;2023;13.05.2023;Ceara;Tombense;1;0;2;0;[20, 77];[];1.62;3.45;5.8;2.1;2.05;https://www.flashscore.com/match/pxlvCn2b/#/
t4smAQWA;BRAZIL;SERIE B;2023;14.05.2023;Londrina;Ponte Preta;0;0;3;0;[66, 82, 90];[];2.65;3.05;2.67;2.32;1.98;https://www.flashscore.com/match/t4smAQWA/#/
6okzDSnh;BRAZIL;SERIE B;2023;14.05.2023;Vitoria;Atletico GO;0;2;2;3;[64, 90];[26, 28, 78];1.82;3.3;4.4;2.05;1.88;https://www.flashscore.com/match/6okzDSnh/#/
zRti9pnH;BRAZIL;SERIE B;2023;14.05.2023;ABC;Botafogo SP;1;2;1;2;[10];[21, 35];2.15;3.0;3.55;2.55;2.15;https://www.flashscore.com/match/zRti9pnH/#/
bLoSElIu;BRAZIL;SERIE B;2023;14.05.2023;Ituano;Sport Recife;1;1;1;1;[32];[20];3.45;2.85;2.27;2.27;1.9;https://www.flashscore.com/match/bLoSElIu/#/
SK5UM3GG;BRAZIL;SERIE B;2023;19.05.2023;Tombense;Londrina;0;0;0;2;[];[71, 89];2.0;3.1;3.85;2.25;1.98;https://www.flashscore.com/match/SK5UM3GG/#/
buEDQoHi;BRAZIL;SERIE B;2023;19.05.2023;Mirassol;Vitoria;1;0;2;0;[45, 50];[];2.32;3.05;3.1;2.18;1.88;https://www.flashscore.com/match/buEDQoHi/#/
UPZa7OGT;BRAZIL;SERIE B;2023;19.05.2023;Atletico GO;Avai;0;0;0;0;[];[];1.47;3.8;7.1;1.87;1.98;https://www.flashscore.com/match/UPZa7OGT/#/
t43IP5Wc;BRAZIL;SERIE B;2023;20.05.2023;Sport Recife;Botafogo SP;1;0;3;0;[45, 60, 90];[];1.45;3.8;7.7;2.12;2.3;https://www.flashscore.com/match/t43IP5Wc/#/
f77MOPo4;BRAZIL;SERIE B;2023;20.05.2023;Sampaio Correa;ABC;1;0;1;0;[6];[];1.88;3.3;4.1;2.12;1.95;https://www.flashscore.com/match/f77MOPo4/#/
KlF9RR1o;BRAZIL;SERIE B;2023;20.05.2023;Ituano;Novorizontino;0;0;0;2;[];[72, 85];2.45;2.95;3.0;2.35;1.98;https://www.flashscore.com/match/KlF9RR1o/#/
lU6QNq1A;BRAZIL;SERIE B;2023;21.05.2023;Chapecoense-SC;Juventude;0;1;0;2;[];[39, 84];2.1;3.05;3.65;2.32;2.0;https://www.flashscore.com/match/lU6QNq1A/#/
WYLR2rPp;BRAZIL;SERIE B;2023;21.05.2023;Criciuma;Ceara;1;2;1;2;[32];[3, 44];2.02;3.15;3.7;2.2;1.95;https://www.flashscore.com/match/WYLR2rPp/#/
n1pe841N;BRAZIL;SERIE B;2023;21.05.2023;Ponte Preta;Guarani;0;0;1;1;[90];[90];1.93;3.35;3.8;2.12;1.95;https://www.flashscore.com/match/n1pe841N/#/
8WMRLNVM;BRAZIL;SERIE B;2023;21.05.2023;CRB;Vila Nova FC;0;2;0;3;[];[33, 45, 87];2.3;2.8;3.5;2.6;2.12;https://www.flashscore.com/match/8WMRLNVM/#/
KAjpv5oi;BRAZIL;SERIE B;2023;23.05.2023;Botafogo SP;Mirassol;0;0;1;0;[90];[];2.95;3.0;2.45;2.42;2.05;https://www.flashscore.com/match/KAjpv5oi/#/
b1klwP0c;BRAZIL;SERIE B;2023;23.05.2023;Novorizontino;Avai;0;0;2;0;[58, 90];[];1.65;3.45;5.3;2.22;2.15;https://www.flashscore.com/match/b1klwP0c/#/
vXOXHEUl;BRAZIL;SERIE B;2023;23.05.2023;ABC;Tombense;0;0;1;0;[72];[];2.3;2.85;3.4;2.27;1.98;https://www.flashscore.com/match/vXOXHEUl/#/
SzfhxqG3;BRAZIL;SERIE B;2023;24.05.2023;Vitoria;CRB;0;0;1;0;[90];[];1.65;3.3;5.9;2.3;2.2;https://www.flashscore.com/match/SzfhxqG3/#/
428cG1gp;BRAZIL;SERIE B;2023;24.05.2023;Vila Nova FC;Ituano;1;0;1;0;[12];[];1.7;3.2;5.5;2.37;2.2;https://www.flashscore.com/match/428cG1gp/#/
pAPTIfFr;BRAZIL;SERIE B;2023;24.05.2023;Londrina;Ceara;0;3;1;3;[90];[2, 17, 36];2.9;3.0;2.5;2.22;1.88;https://www.flashscore.com/match/pAPTIfFr/#/
ljr1zNpG;BRAZIL;SERIE B;2023;24.05.2023;Juventude;Atletico GO;2;0;3;0;[9, 35, 55];[];2.12;3.15;3.45;2.1;1.85;https://www.flashscore.com/match/ljr1zNpG/#/
nNLVKsoT;BRAZIL;SERIE B;2023;24.05.2023;Guarani;Chapecoense-SC;3;1;3;3;[11, 42, 45];[7, 62, 90];1.87;3.25;4.2;2.18;2.0;https://www.flashscore.com/match/nNLVKsoT/#/
6Rhdy3V9;BRAZIL;SERIE B;2023;24.05.2023;Sampaio Correa;Ponte Preta;0;0;0;0;[];[];2.15;3.0;3.55;2.25;1.93;https://www.flashscore.com/match/6Rhdy3V9/#/
I5C1FL8j;BRAZIL;SERIE B;2023;24.05.2023;Criciuma;Sport Recife;1;0;1;0;[4];[];2.35;2.95;3.2;2.5;2.05;https://www.flashscore.com/match/I5C1FL8j/#/
Sh5Swdi8;BRAZIL;SERIE B;2023;27.05.2023;Ituano;Londrina;2;1;3;1;[16, 19, 58];[45];1.93;3.1;4.15;2.25;2.0;https://www.flashscore.com/match/Sh5Swdi8/#/
f9YFUiEf;BRAZIL;SERIE B;2023;27.05.2023;CRB;Juventude;0;2;1;2;[63];[4, 45];2.4;3.0;3.0;2.37;2.02;https://www.flashscore.com/match/f9YFUiEf/#/
EkHpFCE7;BRAZIL;SERIE B;2023;27.05.2023;Avai;Vitoria;0;1;1;1;[84];[19];2.18;3.0;3.5;2.37;2.02;https://www.flashscore.com/match/EkHpFCE7/#/
zaItGha1;BRAZIL;SERIE B;2023;27.05.2023;Atletico GO;Botafogo SP;0;0;1;1;[90];[47];1.55;3.85;5.8;1.91;2.0;https://www.flashscore.com/match/zaItGha1/#/
INNyHYqe;BRAZIL;SERIE B;2023;28.05.2023;Ponte Preta;Vila Nova FC;1;0;1;0;[37];[];2.5;2.92;3.0;2.32;1.93;https://www.flashscore.com/match/INNyHYqe/#/
td9WxG6E;BRAZIL;SERIE B;2023;28.05.2023;Mirassol;Criciuma;0;0;1;0;[47];[];1.93;3.2;4.0;2.25;1.98;https://www.flashscore.com/match/td9WxG6E/#/
2BcuyfyR;BRAZIL;SERIE B;2023;28.05.2023;Ceara;Novorizontino;0;1;0;3;[];[39, 54, 74];1.91;3.15;4.2;2.25;2.0;https://www.flashscore.com/match/2BcuyfyR/#/
OKbyxzMK;BRAZIL;SERIE B;2023;28.05.2023;Sport Recife;ABC;1;1;4;1;[34, 55, 62, 80];[45];1.4;4.2;7.8;1.9;2.18;https://www.flashscore.com/match/OKbyxzMK/#/
CpqBVXbl;BRAZIL;SERIE B;2023;28.05.2023;Tombense;Guarani;0;1;1;1;[57];[22];2.15;3.0;3.5;2.22;1.91;https://www.flashscore.com/match/CpqBVXbl/#/
Ygp7WDqr;BRAZIL;SERIE B;2023;29.05.2023;Chapecoense-SC;Sampaio Correa;0;1;0;1;[];[34];1.98;3.1;3.95;2.18;1.93;https://www.flashscore.com/match/Ygp7WDqr/#/
Qm9ppXDs;BRAZIL;SERIE B;2023;02.06.2023;Ceara;Chapecoense-SC;1;0;2;0;[30, 90];[];1.55;3.65;6.3;2.02;2.05;https://www.flashscore.com/match/Qm9ppXDs/#/
IsKAjZzE;BRAZIL;SERIE B;2023;02.06.2023;Botafogo SP;Tombense;0;0;0;0;[];[];1.93;3.2;4.0;2.18;1.95;https://www.flashscore.com/match/IsKAjZzE/#/
jeIIlD5Q;BRAZIL;SERIE B;2023;02.06.2023;Vitoria;Ituano;2;0;3;0;[31, 45, 77];[];1.72;3.4;5.0;2.27;2.18;https://www.flashscore.com/match/jeIIlD5Q/#/
tQzSRkbD;BRAZIL;SERIE B;2023;02.06.2023;Criciuma;Atletico GO;0;0;3;0;[66, 86, 90];[];2.05;2.95;3.95;2.5;2.1;https://www.flashscore.com/match/tQzSRkbD/#/
8CbkqiTm;BRAZIL;SERIE B;2023;03.06.2023;Juventude;Avai;2;1;3;2;[18, 40, 61];[28, 47];1.65;3.4;5.5;2.25;2.18;https://www.flashscore.com/match/8CbkqiTm/#/
dYIEkgjK;BRAZIL;SERIE B;2023;03.06.2023;Mirassol;Ponte Preta;0;0;1;0;[67];[];1.78;3.35;4.55;2.18;2.05;https://www.flashscore.com/match/dYIEkgjK/#/
Gx2csVc0;BRAZIL;SERIE B;2023;03.06.2023;ABC;Novorizontino;0;0;0;1;[];[66];3.55;3.0;2.15;2.5;2.1;https://www.flashscore.com/match/Gx2csVc0/#/
2ZyOSVr7;BRAZIL;SERIE B;2023;03.06.2023;Vila Nova FC;Sampaio Correa;1;0;3;0;[42, 48, 77];[];1.72;3.25;5.2;2.3;2.15;https://www.flashscore.com/match/2ZyOSVr7/#/
8CxKTBT0;BRAZIL;SERIE B;2023;04.06.2023;Guarani;CRB;0;1;0;1;[];[14];1.7;3.3;5.2;2.18;2.05;https://www.flashscore.com/match/8CxKTBT0/#/
n3cgrBrf;BRAZIL;SERIE B;2023;04.06.2023;Londrina;Sport Recife;1;0;1;2;[4];[67, 76];4.1;3.2;1.9;2.18;1.98;https://www.flashscore.com/match/n3cgrBrf/#/
Kp3SflSa;BRAZIL;SERIE B;2023;06.06.2023;Tombense;Vitoria;0;1;1;2;[86];[23, 52];2.65;3.05;2.7;2.3;1.93;https://www.flashscore.com/match/Kp3SflSa/#/
fT01tkD6;BRAZIL;SERIE B;2023;06.06.2023;Ponte Preta;ABC;0;0;0;0;[];[];1.53;3.75;6.3;2.25;2.37;https://www.flashscore.com/match/fT01tkD6/#/
6saOeUCg;BRAZIL;SERIE B;2023;06.06.2023;Chapecoense-SC;Vila Nova FC;0;0;0;1;[];[90];2.77;2.95;2.65;2.5;2.1;https://www.flashscore.com/match/6saOeUCg/#/
4brh3CKJ;BRAZIL;SERIE B;2023;06.06.2023;Botafogo SP;Ituano;0;0;0;2;[];[51, 69];1.91;3.25;4.0;2.37;2.15;https://www.flashscore.com/match/4brh3CKJ/#/
xhj6u9SC;BRAZIL;SERIE B;2023;06.06.2023;Atletico GO;Ceara;0;1;0;3;[];[15, 47, 85];1.88;3.45;3.85;2.02;1.9;https://www.flashscore.com/match/xhj6u9SC/#/
YT0Gcjrs;BRAZIL;SERIE B;2023;07.06.2023;Sport Recife;Avai;1;0;2;1;[3, 49];[90];1.36;4.4;8.5;1.9;2.27;https://www.flashscore.com/match/YT0Gcjrs/#/
CKaKdAcm;BRAZIL;SERIE B;2023;07.06.2023;Sampaio Correa;Londrina;1;0;2;0;[6, 66];[];1.72;3.4;4.9;2.15;2.05;https://www.flashscore.com/match/CKaKdAcm/#/
rksd2WZP;BRAZIL;SERIE B;2023;07.06.2023;Novorizontino;Guarani;0;0;1;0;[47];[];1.65;3.5;5.2;2.2;2.15;https://www.flashscore.com/match/rksd2WZP/#/
29hXg8s6;BRAZIL;SERIE B;2023;07.06.2023;CRB;Mirassol;1;0;2;0;[36, 57];[];2.92;2.92;2.52;2.42;2.05;https://www.flashscore.com/match/29hXg8s6/#/
jefAvTsJ;BRAZIL;SERIE B;2023;08.06.2023;Criciuma;Juventude;0;0;0;1;[];[77];1.91;3.15;4.15;2.25;2.02;https://www.flashscore.com/match/jefAvTsJ/#/
lQGE6oRB;BRAZIL;SERIE B;2023;09.06.2023;ABC;Chapecoense-SC;0;0;1;1;[59];[89];2.05;2.95;4.0;2.42;2.1;https://www.flashscore.com/match/lQGE6oRB/#/
AZeuhnCI;BRAZIL;SERIE B;2023;10.06.2023;Vila Nova FC;Guarani;0;0;0;0;[];[];1.75;3.4;4.75;2.15;2.05;https://www.flashscore.com/match/AZeuhnCI/#/
QNPgB9Ct;BRAZIL;SERIE B;2023;10.06.2023;Novorizontino;Sampaio Correa;1;0;1;0;[8];[];1.57;3.6;6.0;2.2;2.25;https://www.flashscore.com/match/QNPgB9Ct/#/
jVYRFk4P;BRAZIL;SERIE B;2023;10.06.2023;Ituano;Atletico GO;0;0;1;1;[56];[87];2.2;3.1;3.3;2.1;1.83;https://www.flashscore.com/match/jVYRFk4P/#/
byO19msg;BRAZIL;SERIE B;2023;10.06.2023;Ceara;CRB;1;1;1;3;[38];[32, 59, 90];1.7;3.45;5.0;2.12;2.05;https://www.flashscore.com/match/byO19msg/#/
t0iygSdC;BRAZIL;SERIE B;2023;11.06.2023;Ponte Preta;Sport Recife;1;1;1;1;[21];[45];3.6;2.92;2.18;2.3;1.93;https://www.flashscore.com/match/t0iygSdC/#/
f3HA7RB5;BRAZIL;SERIE B;2023;11.06.2023;Londrina;Mirassol;1;0;1;2;[45];[76, 90];3.4;2.95;2.22;2.3;1.93;https://www.flashscore.com/match/f3HA7RB5/#/
lQfqi6RO;BRAZIL;SERIE B;2023;11.06.2023;Avai;Botafogo SP;1;0;1;1;[11];[69];1.93;3.1;4.2;2.3;2.05;https://www.flashscore.com/match/lQfqi6RO/#/
KpPcATRn;BRAZIL;SERIE B;2023;11.06.2023;Vitoria;Criciuma;0;1;0;1;[];[15];1.7;3.45;5.0;2.3;2.18;https://www.flashscore.com/match/KpPcATRn/#/
GCI687da;BRAZIL;SERIE B;2023;11.06.2023;Juventude;Tombense;0;0;1;2;[59];[67, 90];1.55;3.6;6.3;2.1;2.15;https://www.flashscore.com/match/GCI687da/#/
AuXWfZ99;BRAZIL;SERIE B;2023;18.06.2023;Sport Recife;Vila Nova FC;1;0;1;0;[25];[];1.62;3.45;5.8;2.25;2.22;https://www.flashscore.com/match/AuXWfZ99/#/
EV6b6xXS;BRAZIL;SERIE B;2023;21.06.2023;CRB;Ituano;2;1;2;2;[35, 38];[15, 67];1.91;3.3;3.95;2.35;2.15;https://www.flashscore.com/match/EV6b6xXS/#/
AwAsAKX3;BRAZIL;SERIE B;2023;22.06.2023;Sport Recife;Juventude;2;0;3;0;[11, 32, 64];[];1.62;3.45;5.7;2.15;2.1;https://www.flashscore.com/match/AwAsAKX3/#/
rRYnlwBp;BRAZIL;SERIE B;2023;23.06.2023;Atletico GO;Ponte Preta;1;0;1;0;[4];[];1.65;3.6;5.2;2.22;2.22;https://www.flashscore.com/match/rRYnlwBp/#/
lOLYBt3i;BRAZIL;SERIE B;2023;24.06.2023;Botafogo SP;Vila Nova FC;0;2;0;3;[];[23, 34, 55];3.3;2.9;2.32;2.6;2.15;https://www.flashscore.com/match/lOLYBt3i/#/
MHXjmcQj;BRAZIL;SERIE B;2023;24.06.2023;Avai;Londrina;0;0;0;0;[];[];1.93;3.1;4.15;2.32;2.05;https://www.flashscore.com/match/MHXjmcQj/#/
I3Dk8b2G;BRAZIL;SERIE B;2023;24.06.2023;Chapecoense-SC;Criciuma;0;1;1;1;[60];[32];2.5;2.82;3.05;2.42;2.0;https://www.flashscore.com/match/I3Dk8b2G/#/
dfCg7IHM;BRAZIL;SERIE B;2023;24.06.2023;Tombense;Novorizontino;0;0;1;2;[47];[53, 68];3.25;2.85;2.37;2.42;2.02;https://www.flashscore.com/match/dfCg7IHM/#/
SEKxB0Ic;BRAZIL;SERIE B;2023;25.06.2023;Mirassol;ABC;1;1;3;2;[45, 48, 61];[34, 82];1.5;3.65;7.3;2.18;2.3;https://www.flashscore.com/match/SEKxB0Ic/#/
OtEo9vmA;BRAZIL;SERIE B;2023;25.06.2023;Sampaio Correa;Ceara;1;1;1;1;[15];[40];2.45;2.95;3.0;2.35;1.98;https://www.flashscore.com/match/OtEo9vmA/#/
2TKI55tI;BRAZIL;SERIE B;2023;25.06.2023;Guarani;Vitoria;1;0;2;0;[11, 55];[];2.32;3.05;3.15;2.25;1.91;https://www.flashscore.com/match/2TKI55tI/#/
8nBXazAd;BRAZIL;SERIE B;2023;27.06.2023;Criciuma;CRB;2;0;2;1;[12, 34];[89];1.82;3.2;4.65;2.32;2.12;https://www.flashscore.com/match/8nBXazAd/#/
vXtXKynM;BRAZIL;SERIE B;2023;27.06.2023;Chapecoense-SC;Sport Recife;0;1;1;1;[90];[40];3.6;2.85;2.2;2.65;2.18;https://www.flashscore.com/match/vXtXKynM/#/
A1hU0Gfj;BRAZIL;SERIE B;2023;27.06.2023;Vila Nova FC;Tombense;0;0;1;0;[90];[];1.57;3.5;6.5;2.18;2.2;https://www.flashscore.com/match/A1hU0Gfj/#/
lrlKNw23;BRAZIL;SERIE B;2023;27.06.2023;Novorizontino;Botafogo SP;0;1;0;1;[];[37];1.45;3.75;8.0;2.25;2.42;https://www.flashscore.com/match/lrlKNw23/#/
d8iSLHWF;BRAZIL;SERIE B;2023;28.06.2023;Ceara;Avai;0;0;0;0;[];[];1.7;3.45;5.0;2.1;2.02;https://www.flashscore.com/match/d8iSLHWF/#/
AFX2FF9q;BRAZIL;SERIE B;2023;28.06.2023;ABC;Atletico GO;0;0;1;1;[81];[90];3.05;2.85;2.5;2.42;2.02;https://www.flashscore.com/match/AFX2FF9q/#/
IHhOMcH9;BRAZIL;SERIE B;2023;28.06.2023;Vitoria;Sampaio Correa;0;1;2;1;[60, 63];[5];1.7;3.3;5.4;2.32;2.2;https://www.flashscore.com/match/IHhOMcH9/#/
hzoyKe1S;BRAZIL;SERIE B;2023;28.06.2023;Londrina;Juventude;1;0;1;2;[33];[66, 68];2.87;2.87;2.6;2.42;2.0;https://www.flashscore.com/match/hzoyKe1S/#/
AikGOJnc;BRAZIL;SERIE B;2023;28.06.2023;Ituano;Ponte Preta;0;0;0;1;[];[79];1.98;3.15;3.9;2.42;2.15;https://www.flashscore.com/match/AikGOJnc/#/
GvgQ1dup;BRAZIL;SERIE B;2023;28.06.2023;Guarani;Mirassol;1;0;2;1;[26, 86];[50];2.8;2.77;2.75;2.4;1.95;https://www.flashscore.com/match/GvgQ1dup/#/
SCJYSYwq;BRAZIL;SERIE B;2023;30.06.2023;Tombense;Chapecoense-SC;1;0;4;2;[35, 67, 87, 90];[54, 90];2.1;3.1;3.55;2.3;2.0;https://www.flashscore.com/match/SCJYSYwq/#/
UHm4Dgvd;BRAZIL;SERIE B;2023;01.07.2023;Atletico GO;Vila Nova FC;0;0;1;1;[88];[90];2.5;3.0;2.9;2.4;2.0;https://www.flashscore.com/match/UHm4Dgvd/#/
dUS2YfGL;BRAZIL;SERIE B;2023;01.07.2023;Sampaio Correa;Criciuma;0;1;0;2;[];[23, 86];2.22;2.87;3.6;2.57;2.12;https://www.flashscore.com/match/dUS2YfGL/#/
88n8CDg2;BRAZIL;SERIE B;2023;01.07.2023;Avai;ABC;0;1;0;2;[];[38, 70];1.85;3.05;4.75;2.6;2.3;https://www.flashscore.com/match/88n8CDg2/#/
Ay9wShgk;BRAZIL;SERIE B;2023;01.07.2023;CRB;Londrina;2;0;2;1;[34, 45];[58];1.78;3.15;4.9;2.3;2.1;https://www.flashscore.com/match/Ay9wShgk/#/
Q3X6XEVR;BRAZIL;SERIE B;2023;02.07.2023;Juventude;Vitoria;0;0;1;0;[62];[];2.07;3.05;3.7;2.4;2.1;https://www.flashscore.com/match/Q3X6XEVR/#/
IwUbZz1F;BRAZIL;SERIE B;2023;02.07.2023;Sport Recife;Ceara;2;0;2;0;[30, 45];[];1.72;3.5;4.8;2.12;2.05;https://www.flashscore.com/match/IwUbZz1F/#/
l6W6EZOk;BRAZIL;SERIE B;2023;02.07.2023;Ponte Preta;Novorizontino;0;0;1;0;[83];[];4.1;2.77;2.1;2.75;2.25;https://www.flashscore.com/match/l6W6EZOk/#/
zFvfzHo9;BRAZIL;SERIE B;2023;03.07.2023;Mirassol;Ituano;0;0;0;1;[];[90];1.57;3.8;5.5;2.05;2.12;https://www.flashscore.com/match/zFvfzHo9/#/
MBzjycW2;BRAZIL;SERIE B;2023;03.07.2023;Botafogo SP;Guarani;0;0;1;0;[68];[];2.45;2.75;3.25;2.57;2.1;https://www.flashscore.com/match/MBzjycW2/#/
Cp56vEPS;BRAZIL;SERIE B;2023;05.07.2023;CRB;Sport Recife;1;0;2;0;[17, 86];[];2.85;2.85;2.65;2.42;1.98;https://www.flashscore.com/match/Cp56vEPS/#/
C0uzX2dE;BRAZIL;SERIE B;2023;07.07.2023;Novorizontino;Atletico GO;1;0;2;2;[45, 76];[90, 90];1.88;3.2;4.25;2.35;2.12;https://www.flashscore.com/match/C0uzX2dE/#/
KQrrVtRQ;BRAZIL;SERIE B;2023;07.07.2023;Ceara;Botafogo SP;1;0;3;0;[32, 80, 90];[];1.78;3.3;4.7;2.35;2.18;https://www.flashscore.com/match/KQrrVtRQ/#/
MBCsRC8e;BRAZIL;SERIE B;2023;08.07.2023;Guarani;Londrina;1;1;2;1;[24, 90];[43];1.75;3.25;5.0;2.37;2.2;https://www.flashscore.com/match/MBCsRC8e/#/
bZYHOv4f;BRAZIL;SERIE B;2023;08.07.2023;ABC;Criciuma;0;1;0;1;[];[32];2.87;2.7;2.77;2.65;2.1;https://www.flashscore.com/match/bZYHOv4f/#/
Y9tWXrs8;BRAZIL;SERIE B;2023;08.07.2023;Ituano;Juventude;0;0;1;1;[90];[53];2.77;2.9;2.7;2.37;1.98;https://www.flashscore.com/match/Y9tWXrs8/#/
fPAkPjw8;BRAZIL;SERIE B;2023;08.07.2023;Avai;Ponte Preta;0;1;0;1;[];[42];2.12;2.87;3.9;2.52;2.1;https://www.flashscore.com/match/fPAkPjw8/#/
4bKEPKll;BRAZIL;SERIE B;2023;08.07.2023;Tombense;Sampaio Correa;0;0;0;1;[];[67];2.15;2.87;3.8;2.3;1.93;https://www.flashscore.com/match/4bKEPKll/#/
Q7LAQ0Zs;BRAZIL;SERIE B;2023;09.07.2023;Chapecoense-SC;CRB;0;0;2;1;[52, 56];[81];2.02;3.05;3.9;2.37;2.05;https://www.flashscore.com/match/Q7LAQ0Zs/#/
6NvvWMBK;BRAZIL;SERIE B;2023;09.07.2023;Sport Recife;Mirassol;0;0;0;0;[];[];1.78;3.3;4.65;2.32;2.18;https://www.flashscore.com/match/6NvvWMBK/#/
GYBoQWN1;BRAZIL;SERIE B;2023;10.07.2023;Vila Nova FC;Vitoria;0;0;1;0;[76];[];1.78;3.15;5.0;2.57;2.35;https://www.flashscore.com/match/GYBoQWN1/#/
YiRULxlD;BRAZIL;SERIE B;2023;13.07.2023;Criciuma;Guarani;0;1;1;1;[58];[9];1.93;2.95;4.45;2.42;2.1;https://www.flashscore.com/match/YiRULxlD/#/
KnWlRXPh;BRAZIL;SERIE B;2023;14.07.2023;Sampaio Correa;Ituano;0;0;0;0;[];[];1.87;3.1;4.55;2.55;2.27;https://www.flashscore.com/match/KnWlRXPh/#/
KlNQMIY6;BRAZIL;SERIE B;2023;14.07.2023;Atletico GO;Sport Recife;3;1;3;1;[3, 16, 42];[10];2.65;2.92;2.77;2.52;2.1;https://www.flashscore.com/match/KlNQMIY6/#/
E9VhQiua;BRAZIL;SERIE B;2023;15.07.2023;Juventude;ABC;0;1;1;1;[74];[32];1.55;3.45;6.7;2.32;2.32;https://www.flashscore.com/match/E9VhQiua/#/
xQXLNbJ0;BRAZIL;SERIE B;2023;15.07.2023;Ponte Preta;Tombense;0;0;0;1;[];[85];2.05;3.1;3.7;2.25;1.95;https://www.flashscore.com/match/xQXLNbJ0/#/
QqZdPBf5;BRAZIL;SERIE B;2023;15.07.2023;Londrina;Vila Nova FC;1;0;1;0;[2];[];4.15;3.05;1.95;2.5;2.18;https://www.flashscore.com/match/QqZdPBf5/#/
OKxtTget;BRAZIL;SERIE B;2023;16.07.2023;Mirassol;Ceara;1;1;1;1;[45];[44];1.78;3.25;4.75;2.25;2.05;https://www.flashscore.com/match/OKxtTget/#/
tdXpSDAn;BRAZIL;SERIE B;2023;16.07.2023;Vitoria;Novorizontino;2;0;2;1;[33, 42];[69];2.67;2.8;2.85;2.7;2.18;https://www.flashscore.com/match/tdXpSDAn/#/
KnhKtDPu;BRAZIL;SERIE B;2023;17.07.2023;Botafogo SP;Criciuma;0;0;1;0;[76];[];2.42;2.7;3.4;2.82;2.25;https://www.flashscore.com/match/KnhKtDPu/#/
Q5AXykvB;BRAZIL;SERIE B;2023;18.07.2023;Tombense;CRB;0;0;2;1;[70, 90];[58];2.2;3.1;3.3;2.37;2.05;https://www.flashscore.com/match/Q5AXykvB/#/
nFBTxVO4;BRAZIL;SERIE B;2023;18.07.2023;Chapecoense-SC;Ituano;0;0;1;0;[64];[];2.22;2.87;3.5;2.6;2.15;https://www.flashscore.com/match/nFBTxVO4/#/
naN5NkPH;BRAZIL;SERIE B;2023;18.07.2023;Ponte Preta;Juventude;0;0;0;0;[];[];2.47;2.82;3.1;2.52;2.05;https://www.flashscore.com/match/naN5NkPH/#/
YkdOuXvn;BRAZIL;SERIE B;2023;19.07.2023;Novorizontino;Londrina;3;0;3;0;[8, 38, 45];[];1.45;4.0;7.2;2.25;2.52;https://www.flashscore.com/match/YkdOuXvn/#/
GYR9M9vO;BRAZIL;SERIE B;2023;19.07.2023;Atletico GO;Mirassol;0;1;2;2;[52, 90];[8, 61];2.1;3.0;3.65;2.4;2.05;https://www.flashscore.com/match/GYR9M9vO/#/
SCeSvifh;BRAZIL;SERIE B;2023;19.07.2023;Sport Recife;Vitoria;0;1;1;2;[51];[45, 66];1.65;3.3;5.8;2.32;2.25;https://www.flashscore.com/match/SCeSvifh/#/
63fWwB9b;BRAZIL;SERIE B;2023;19.07.2023;Ceara;Vila Nova FC;0;0;1;0;[90];[];2.55;2.7;3.15;2.77;2.18;https://www.flashscore.com/match/63fWwB9b/#/
fPQDLTgU;BRAZIL;SERIE B;2023;19.07.2023;Avai;Sampaio Correa;1;0;2;0;[13, 48];[];2.05;2.85;4.15;2.77;2.3;https://www.flashscore.com/match/fPQDLTgU/#/
KS9yy9gH;BRAZIL;SERIE B;2023;19.07.2023;ABC;Guarani;0;0;0;1;[];[53];2.5;2.85;3.0;2.6;2.12;https://www.flashscore.com/match/KS9yy9gH/#/
G8rJmnwN;BRAZIL;SERIE B;2023;21.07.2023;CRB;Ponte Preta;1;0;1;0;[34];[];1.93;3.05;4.25;2.32;2.05;https://www.flashscore.com/match/G8rJmnwN/#/
pAsbhAOi;BRAZIL;SERIE B;2023;22.07.2023;Mirassol;Tombense;2;0;2;0;[34, 45];[];1.65;3.45;5.4;2.12;2.05;https://www.flashscore.com/match/pAsbhAOi/#/
Gf3pZnOT;BRAZIL;SERIE B;2023;22.07.2023;Vila Nova FC;ABC;0;0;1;1;[90];[81];1.47;3.7;7.9;2.32;2.55;https://www.flashscore.com/match/Gf3pZnOT/#/
I3kCU6Wp;BRAZIL;SERIE B;2023;22.07.2023;Criciuma;Novorizontino;0;0;0;1;[];[86];2.22;2.87;3.55;2.5;2.05;https://www.flashscore.com/match/I3kCU6Wp/#/
6Jrfgj9o;BRAZIL;SERIE B;2023;22.07.2023;Ituano;Avai;0;1;0;1;[];[37];2.2;2.9;3.55;2.67;2.25;https://www.flashscore.com/match/6Jrfgj9o/#/
YVDuzT8N;BRAZIL;SERIE B;2023;23.07.2023;Guarani;Atletico GO;1;0;1;0;[33];[];2.37;2.85;3.3;2.35;1.95;https://www.flashscore.com/match/YVDuzT8N/#/
KtkAk88A;BRAZIL;SERIE B;2023;23.07.2023;Juventude;Ceara;0;0;1;0;[90];[];1.83;3.2;4.5;2.32;2.1;https://www.flashscore.com/match/KtkAk88A/#/
QJk6jlg4;BRAZIL;SERIE B;2023;23.07.2023;Sampaio Correa;Sport Recife;1;1;1;2;[25];[12, 55];3.6;2.85;2.22;2.5;2.05;https://www.flashscore.com/match/QJk6jlg4/#/
SYW2iUwb;BRAZIL;SERIE B;2023;24.07.2023;Vitoria;Chapecoense-SC;0;0;1;0;[89];[];1.65;3.4;5.7;2.3;2.22;https://www.flashscore.com/match/SYW2iUwb/#/
bXmElSNG;BRAZIL;SERIE B;2023;24.07.2023;Londrina;Botafogo SP;1;1;1;2;[22];[45, 90];2.67;2.85;2.82;2.65;2.15;https://www.flashscore.com/match/bXmElSNG/#/
hf9m3RxA;BRAZIL;SERIE B;2023;28.07.2023;Ceara;Ituano;1;0;1;1;[45];[80];1.62;3.4;5.8;2.32;2.27;https://www.flashscore.com/match/hf9m3RxA/#/
E3Aq47N3;BRAZIL;SERIE B;2023;28.07.2023;Sport Recife;CRB;0;0;2;0;[50, 63];[];1.53;3.55;6.8;2.22;2.27;https://www.flashscore.com/match/E3Aq47N3/#/
zJbh2ohG;BRAZIL;SERIE B;2023;29.07.2023;Chapecoense-SC;Mirassol;0;0;0;1;[];[90];3.15;2.95;2.37;2.5;2.1;https://www.flashscore.com/match/zJbh2ohG/#/
SnCy6Thi;BRAZIL;SERIE B;2023;29.07.2023;Botafogo SP;Juventude;0;1;0;2;[];[8, 60];2.47;2.8;3.15;2.57;2.1;https://www.flashscore.com/match/SnCy6Thi/#/
QsYhspGj;BRAZIL;SERIE B;2023;29.07.2023;Avai;Guarani;1;1;1;2;[5];[45, 49];2.3;2.9;3.35;2.67;2.22;https://www.flashscore.com/match/QsYhspGj/#/
rq200PMS;BRAZIL;SERIE B;2023;29.07.2023;ABC;Londrina;0;0;0;0;[];[];2.1;3.0;3.7;2.65;2.27;https://www.flashscore.com/match/rq200PMS/#/
CvUlrQ0p;BRAZIL;SERIE B;2023;29.07.2023;Atletico GO;Sampaio Correa;0;2;2;2;[71, 90];[30, 45];1.53;3.8;6.0;2.15;2.27;https://www.flashscore.com/match/CvUlrQ0p/#/
lM2d157M;BRAZIL;SERIE B;2023;30.07.2023;Tombense;Criciuma;0;1;2;2;[65, 90];[6, 90];2.12;3.05;3.55;2.37;2.05;https://www.flashscore.com/match/lM2d157M/#/
6wBu5m8c;BRAZIL;SERIE B;2023;30.07.2023;Novorizontino;Vila Nova FC;2;0;3;1;[38, 45, 80];[86];2.0;2.95;4.15;2.92;2.5;https://www.flashscore.com/match/6wBu5m8c/#/
fasNn6hT;BRAZIL;SERIE B;2023;30.07.2023;Ponte Preta;Vitoria;2;0;2;2;[9, 13];[61, 87];2.5;2.82;3.1;2.42;2.0;https://www.flashscore.com/match/fasNn6hT/#/
SCNVF4MF;BRAZIL;SERIE B;2023;01.08.2023;Sampaio Correa;Botafogo SP;0;0;0;0;[];[];2.07;3.0;3.8;2.77;2.35;https://www.flashscore.com/match/SCNVF4MF/#/
6cZMHQi3;BRAZIL;SERIE B;2023;01.08.2023;Mirassol;Avai;0;0;2;2;[73, 90];[60, 90];1.65;3.4;5.6;2.4;2.35;https://www.flashscore.com/match/6cZMHQi3/#/
Gzu8dGLf;BRAZIL;SERIE B;2023;01.08.2023;CRB;Atletico GO;1;0;2;1;[45, 73];[90];2.4;2.9;3.15;2.42;2.02;https://www.flashscore.com/match/Gzu8dGLf/#/
fNVII6xc;BRAZIL;SERIE B;2023;02.08.2023;Ituano;Tombense;1;0;1;0;[10];[];1.98;3.1;3.95;2.42;2.15;https://www.flashscore.com/match/fNVII6xc/#/
tKsyfNad;BRAZIL;SERIE B;2023;02.08.2023;Criciuma;Ponte Preta;2;1;2;1;[19, 32];[5];1.7;3.4;5.1;2.3;2.25;https://www.flashscore.com/match/tKsyfNad/#/
lMORGp79;BRAZIL;SERIE B;2023;02.08.2023;Vitoria;ABC;0;0;2;0;[90, 90];[];1.44;3.9;7.9;2.32;2.67;https://www.flashscore.com/match/lMORGp79/#/
2TrXf3pj;BRAZIL;SERIE B;2023;02.08.2023;Vila Nova FC;Sport Recife;0;0;0;1;[];[69];2.25;2.92;3.4;2.72;2.27;https://www.flashscore.com/match/2TrXf3pj/#/
YBk3cd6l;BRAZIL;SERIE B;2023;02.08.2023;Londrina;Chapecoense-SC;1;0;1;1;[10];[54];2.5;2.85;3.05;2.6;2.12;https://www.flashscore.com/match/YBk3cd6l/#/
fLjabxir;BRAZIL;SERIE B;2023;02.08.2023;Juventude;Novorizontino;1;0;1;0;[45];[];2.35;2.87;3.25;2.65;2.18;https://www.flashscore.com/match/fLjabxir/#/
phlSeqVq;BRAZIL;SERIE B;2023;02.08.2023;Guarani;Ceara;0;0;0;0;[];[];2.07;3.05;3.75;2.5;2.15;https://www.flashscore.com/match/phlSeqVq/#/
Sp1bHHcK;BRAZIL;SERIE B;2023;04.08.2023;Mirassol;Sampaio Correa;0;0;0;0;[];[];1.62;3.45;5.7;2.5;2.5;https://www.flashscore.com/match/Sp1bHHcK/#/
2isKgE5D;BRAZIL;SERIE B;2023;05.08.2023;Avai;Criciuma;1;0;1;0;[43];[];2.75;2.72;2.87;2.75;2.18;https://www.flashscore.com/match/2isKgE5D/#/
lf2fIcrE;BRAZIL;SERIE B;2023;05.08.2023;Ituano;Guarani;0;1;1;1;[58];[37];2.62;2.77;2.95;2.75;2.2;https://www.flashscore.com/match/lf2fIcrE/#/
lIps9g50;BRAZIL;SERIE B;2023;05.08.2023;CRB;Botafogo SP;0;0;0;0;[];[];1.78;3.25;4.8;2.65;2.42;https://www.flashscore.com/match/lIps9g50/#/
M702GyDQ;BRAZIL;SERIE B;2023;05.08.2023;Sport Recife;Novorizontino;0;0;1;0;[70];[];1.78;3.3;4.75;2.5;2.35;https://www.flashscore.com/match/M702GyDQ/#/
UwqCezy1;BRAZIL;SERIE B;2023;06.08.2023;Ponte Preta;Chapecoense-SC;0;0;1;0;[83];[];2.18;2.85;3.7;2.55;2.1;https://www.flashscore.com/match/UwqCezy1/#/
bTiUBeLs;BRAZIL;SERIE B;2023;06.08.2023;Ceara;ABC;1;0;1;0;[5];[];1.57;3.65;6.0;2.3;2.37;https://www.flashscore.com/match/bTiUBeLs/#/
thsZAFzl;BRAZIL;SERIE B;2023;07.08.2023;Juventude;Vila Nova FC;0;0;0;2;[];[52, 62];2.3;2.67;3.75;2.9;2.3;https://www.flashscore.com/match/thsZAFzl/#/
KrtwAZkf;BRAZIL;SERIE B;2023;07.08.2023;Londrina;Vitoria;0;0;2;0;[61, 82];[];3.1;2.95;2.37;2.55;2.15;https://www.flashscore.com/match/KrtwAZkf/#/
O0rGffj7;BRAZIL;SERIE B;2023;07.08.2023;Atletico GO;Tombense;0;2;3;2;[55, 67, 85];[12, 45];1.65;3.5;5.4;2.15;2.1;https://www.flashscore.com/match/O0rGffj7/#/
E1PuUfsQ;BRAZIL;SERIE B;2023;11.08.2023;Novorizontino;Mirassol;1;1;2;1;[18, 83];[2];2.05;3.0;3.85;2.77;2.37;https://www.flashscore.com/match/E1PuUfsQ/#/
tC9KMCZa;BRAZIL;SERIE B;2023;11.08.2023;Tombense;Sport Recife;0;0;0;0;[];[];3.15;3.05;2.3;2.42;2.1;https://www.flashscore.com/match/tC9KMCZa/#/
M7xf6ikJ;BRAZIL;SERIE B;2023;12.08.2023;Criciuma;Londrina;1;0;2;0;[8, 48];[];1.55;3.6;6.5;2.15;2.2;https://www.flashscore.com/match/M7xf6ikJ/#/
Yo6COY4m;BRAZIL;SERIE B;2023;12.08.2023;Sampaio Correa;CRB;0;0;1;1;[90];[49];2.3;3.0;3.25;2.52;2.12;https://www.flashscore.com/match/Yo6COY4m/#/
zBQyVzSJ;BRAZIL;SERIE B;2023;12.08.2023;Botafogo SP;Ponte Preta;0;0;0;0;[];[];2.02;2.87;4.2;2.8;2.35;https://www.flashscore.com/match/zBQyVzSJ/#/
AXYk7XZC;BRAZIL;SERIE B;2023;12.08.2023;Vila Nova FC;Avai;0;1;1;1;[79];[24];1.65;3.45;5.5;2.4;2.37;https://www.flashscore.com/match/AXYk7XZC/#/
S85GNhKg;BRAZIL;SERIE B;2023;13.08.2023;Chapecoense-SC;Atletico GO;0;0;0;1;[];[90];2.65;2.92;2.77;2.5;2.1;https://www.flashscore.com/match/S85GNhKg/#/
S8qo8DK6;BRAZIL;SERIE B;2023;13.08.2023;Guarani;Juventude;0;0;0;1;[];[72];2.32;2.72;3.55;2.87;2.3;https://www.flashscore.com/match/S8qo8DK6/#/
fe78PEks;BRAZIL;SERIE B;2023;13.08.2023;Vitoria;Ceara;1;0;1;0;[13];[];2.05;3.05;3.8;2.42;2.12;https://www.flashscore.com/match/fe78PEks/#/
OzaPLWl6;BRAZIL;SERIE B;2023;14.08.2023;ABC;Ituano;0;0;1;1;[61];[54];2.57;2.67;3.15;2.95;2.3;https://www.flashscore.com/match/OzaPLWl6/#/
dlJ2ZkJ5;BRAZIL;SERIE B;2023;17.08.2023;Londrina;Atletico GO;0;0;0;2;[];[58, 90];3.15;3.0;2.35;2.37;2.0;https://www.flashscore.com/match/dlJ2ZkJ5/#/
AicXJAJI;BRAZIL;SERIE B;2023;17.08.2023;Vila Nova FC;Mirassol;2;0;2;0;[8, 43];[];1.98;2.92;4.3;3.0;2.55;https://www.flashscore.com/match/AicXJAJI/#/
MVQkxhZn;BRAZIL;SERIE B;2023;18.08.2023;Vitoria;Botafogo SP;0;0;2;0;[63, 72];[];1.75;3.15;5.1;2.85;2.65;https://www.flashscore.com/match/MVQkxhZn/#/
2RcTKj4C;BRAZIL;SERIE B;2023;18.08.2023;Guarani;Sport Recife;3;1;3;1;[6, 10, 35];[27];2.67;2.82;2.82;2.95;2.32;https://www.flashscore.com/match/2RcTKj4C/#/
lrdyJUYO;BRAZIL;SERIE B;2023;19.08.2023;Avai;Tombense;1;1;4;2;[42, 54, 81, 90];[11, 71];1.87;3.15;4.45;2.4;2.15;https://www.flashscore.com/match/lrdyJUYO/#/
jmzKsEBP;BRAZIL;SERIE B;2023;19.08.2023;Ituano;Criciuma;2;0;3;0;[23, 37, 75];[];2.65;2.77;2.92;2.42;2.0;https://www.flashscore.com/match/jmzKsEBP/#/
jBI6Y9YB;BRAZIL;SERIE B;2023;19.08.2023;ABC;CRB;0;1;1;2;[90];[17, 87];2.9;2.77;2.67;2.95;2.35;https://www.flashscore.com/match/jBI6Y9YB/#/
IcKbzW3a;BRAZIL;SERIE B;2023;19.08.2023;Juventude;Sampaio Correa;0;0;0;0;[];[];1.72;3.2;5.4;2.52;2.35;https://www.flashscore.com/match/IcKbzW3a/#/
S8RowYJt;BRAZIL;SERIE B;2023;20.08.2023;Novorizontino;Chapecoense-SC;1;0;1;2;[12];[47, 56];1.57;3.45;6.4;2.3;2.3;https://www.flashscore.com/match/S8RowYJt/#/
0MPgyClg;BRAZIL;SERIE B;2023;20.08.2023;Ceara;Ponte Preta;0;0;1;1;[47];[70];1.62;3.5;5.5;2.3;2.27;https://www.flashscore.com/match/0MPgyClg/#/
0z5SkB3n;BRAZIL;SERIE B;2023;22.08.2023;Mirassol;Juventude;0;0;0;1;[];[48];1.87;3.1;4.55;2.82;2.5;https://www.flashscore.com/match/0z5SkB3n/#/
ABPIV7IU;BRAZIL;SERIE B;2023;22.08.2023;Criciuma;Vila Nova FC;1;0;1;0;[23];[];2.0;2.95;4.1;2.62;2.25;https://www.flashscore.com/match/ABPIV7IU/#/
88O1OV9B;BRAZIL;SERIE B;2023;23.08.2023;CRB;Avai;1;0;1;1;[45];[66];1.72;3.3;5.1;2.37;2.25;https://www.flashscore.com/match/88O1OV9B/#/
neFCpMQD;BRAZIL;SERIE B;2023;23.08.2023;Botafogo SP;Chapecoense-SC;0;2;1;2;[57];[5, 45];2.1;2.8;4.1;2.82;2.32;https://www.flashscore.com/match/neFCpMQD/#/
ldyAXTmI;BRAZIL;SERIE B;2023;25.08.2023;Ponte Preta;Londrina;1;0;1;0;[4];[];1.91;3.15;4.15;2.52;2.25;https://www.flashscore.com/match/ldyAXTmI/#/
rafXlVIh;BRAZIL;SERIE B;2023;25.08.2023;Sport Recife;Ituano;0;2;1;2;[65];[2, 7];1.4;4.0;8.5;2.25;2.67;https://www.flashscore.com/match/rafXlVIh/#/
UFdqnT2B;BRAZIL;SERIE B;2023;26.08.2023;Tombense;Ceara;0;2;2;2;[84, 90];[3, 10];2.32;3.05;3.1;2.3;1.98;https://www.flashscore.com/match/UFdqnT2B/#/
d2bylkYb;BRAZIL;SERIE B;2023;26.08.2023;Sampaio Correa;Guarani;0;1;1;1;[77];[9];2.25;2.82;3.55;2.87;2.35;https://www.flashscore.com/match/d2bylkYb/#/
ARDtomIH;BRAZIL;SERIE B;2023;26.08.2023;CRB;Novorizontino;1;0;1;0;[38];[];2.5;2.95;2.92;2.55;2.12;https://www.flashscore.com/match/ARDtomIH/#/
jPcum9m5;BRAZIL;SERIE B;2023;27.08.2023;Chapecoense-SC;Avai;0;0;0;0;[];[];1.98;3.1;4.0;2.5;2.18;https://www.flashscore.com/match/jPcum9m5/#/
WKQEWm3O;BRAZIL;SERIE B;2023;27.08.2023;Atletico GO;Vitoria;0;0;0;0;[];[];1.9;3.2;4.1;2.37;2.15;https://www.flashscore.com/match/WKQEWm3O/#/
Mq6Ojilt;BRAZIL;SERIE B;2023;28.08.2023;Botafogo SP;ABC;0;0;0;0;[];[];1.82;3.0;5.0;2.9;2.57;https://www.flashscore.com/match/Mq6Ojilt/#/
xt42ZAz3;BRAZIL;SERIE B;2023;30.08.2023;Novorizontino;Ituano;1;0;2;0;[18, 83];[];1.82;3.2;4.55;2.5;2.3;https://www.flashscore.com/match/xt42ZAz3/#/
SUdFW8KL;BRAZIL;SERIE B;2023;31.08.2023;Juventude;Chapecoense-SC;0;0;0;0;[];[];1.78;3.15;5.0;2.77;2.55;https://www.flashscore.com/match/SUdFW8KL/#/
6F86YUk9;BRAZIL;SERIE B;2023;01.09.2023;Vitoria;Mirassol;0;0;0;0;[];[];1.95;2.95;4.45;2.8;2.37;https://www.flashscore.com/match/6F86YUk9/#/
v50JVSZR;BRAZIL;SERIE B;2023;01.09.2023;Londrina;Tombense;0;1;1;1;[85];[45];2.6;2.95;2.82;2.57;2.12;https://www.flashscore.com/match/v50JVSZR/#/
fHvIRbHd;BRAZIL;SERIE B;2023;02.09.2023;Avai;Atletico GO;0;1;0;2;[];[38, 90];2.7;2.9;2.72;2.37;1.98;https://www.flashscore.com/match/fHvIRbHd/#/
p67AXl5F;BRAZIL;SERIE B;2023;02.09.2023;Ceara;Criciuma;1;0;1;0;[6];[];1.98;3.05;4.1;2.35;2.05;https://www.flashscore.com/match/p67AXl5F/#/
dpmoRnrq;BRAZIL;SERIE B;2023;02.09.2023;ABC;Sampaio Correa;0;1;1;1;[90];[7];2.45;2.72;3.3;3.05;2.37;https://www.flashscore.com/match/dpmoRnrq/#/
niyATKnp;BRAZIL;SERIE B;2023;02.09.2023;Guarani;Ponte Preta;1;0;1;0;[42];[];1.8;3.1;5.0;2.77;2.5;https://www.flashscore.com/match/niyATKnp/#/
tEzESv2j;BRAZIL;SERIE B;2023;03.09.2023;Vila Nova FC;CRB;0;0;0;1;[];[90];1.75;3.0;5.6;2.82;2.55;https://www.flashscore.com/match/tEzESv2j/#/
bk5bziLd;BRAZIL;SERIE B;2023;03.09.2023;Botafogo SP;Sport Recife;1;1;1;1;[18];[26];3.35;2.75;2.4;3.0;2.37;https://www.flashscore.com/match/bk5bziLd/#/
Eazdqn4R;BRAZIL;SERIE B;2023;05.09.2023;Chapecoense-SC;Guarani;0;1;0;1;[];[36];2.7;2.72;2.9;2.9;2.3;https://www.flashscore.com/match/Eazdqn4R/#/
KOLhpSlL;BRAZIL;SERIE B;2023;06.09.2023;Ceara;Londrina;3;1;3;1;[6, 30, 40];[24];1.53;3.55;6.8;2.32;2.37;https://www.flashscore.com/match/KOLhpSlL/#/
G8MNv6Cr;BRAZIL;SERIE B;2023;07.09.2023;Tombense;ABC;1;0;3;0;[21, 67, 90];[];1.65;3.3;5.8;2.3;2.18;https://www.flashscore.com/match/G8MNv6Cr/#/
p6TumU42;BRAZIL;SERIE B;2023;08.09.2023;Ituano;Vila Nova FC;0;2;1;2;[86];[6, 10];3.0;2.67;2.7;2.95;2.3;https://www.flashscore.com/match/p6TumU42/#/
zynkQ6ck;BRAZIL;SERIE B;2023;09.09.2023;Ponte Preta;Sampaio Correa;0;0;0;0;[];[];2.3;2.72;3.65;2.95;2.35;https://www.flashscore.com/match/zynkQ6ck/#/
b9XqnlK8;BRAZIL;SERIE B;2023;09.09.2023;Mirassol;Botafogo SP;0;0;1;0;[79];[];1.65;3.25;5.9;2.87;2.75;https://www.flashscore.com/match/b9XqnlK8/#/
tYMlo8ZE;BRAZIL;SERIE B;2023;09.09.2023;Sport Recife;Criciuma;2;1;3;3;[17, 34, 70];[31, 69, 90];1.75;3.3;4.9;2.35;2.18;https://www.flashscore.com/match/tYMlo8ZE/#/
hCtfPQCe;BRAZIL;SERIE B;2023;10.09.2023;Atletico GO;Juventude;1;0;3;0;[38, 73, 86];[];2.02;3.0;3.95;2.42;2.1;https://www.flashscore.com/match/hCtfPQCe/#/
bXBSwQRl;BRAZIL;SERIE B;2023;10.09.2023;CRB;Vitoria;3;0;6;0;[24, 45, 45, 78, 80, 84];[];2.22;2.9;3.5;2.75;2.3;https://www.flashscore.com/match/bXBSwQRl/#/
W2ubOpS1;BRAZIL;SERIE B;2023;11.09.2023;Avai;Novorizontino;0;0;1;0;[78];[];3.15;2.9;2.4;2.65;2.18;https://www.flashscore.com/match/W2ubOpS1/#/
jRz6iqdl;BRAZIL;SERIE B;2023;14.09.2023;Londrina;Ituano;2;2;2;2;[36, 41];[4, 29];2.37;2.8;3.35;2.67;2.18;https://www.flashscore.com/match/jRz6iqdl/#/
6cFzx4d1;BRAZIL;SERIE B;2023;15.09.2023;Vila Nova FC;Ponte Preta;1;1;1;1;[33];[36];1.6;3.3;6.6;2.57;2.55;https://www.flashscore.com/match/6cFzx4d1/#/
K0uAj3Bf;BRAZIL;SERIE B;2023;15.09.2023;ABC;Sport Recife;0;0;0;1;[];[90];5.5;3.1;1.75;2.65;2.4;https://www.flashscore.com/match/K0uAj3Bf/#/
plEvyOB7;BRAZIL;SERIE B;2023;16.09.2023;Criciuma;Mirassol;1;1;2;1;[27, 90];[23];2.32;2.8;3.4;2.67;2.18;https://www.flashscore.com/match/plEvyOB7/#/
6gaZd5YQ;BRAZIL;SERIE B;2023;16.09.2023;Sampaio Correa;Chapecoense-SC;2;0;2;0;[9, 20];[];2.07;2.8;4.15;2.7;2.25;https://www.flashscore.com/match/6gaZd5YQ/#/
M5cNa7l8;BRAZIL;SERIE B;2023;16.09.2023;Botafogo SP;Atletico GO;1;0;1;0;[28];[];3.25;2.8;2.4;2.8;2.25;https://www.flashscore.com/match/M5cNa7l8/#/
Czx2hPtr;BRAZIL;SERIE B;2023;16.09.2023;Juventude;CRB;0;0;3;1;[65, 76, 90];[90];1.98;2.9;4.4;2.67;2.27;https://www.flashscore.com/match/Czx2hPtr/#/
CzGWxpse;BRAZIL;SERIE B;2023;17.09.2023;Guarani;Tombense;2;0;3;0;[21, 31, 57];[];1.78;3.2;4.9;2.5;2.27;https://www.flashscore.com/match/CzGWxpse/#/
fJeVcoJK;BRAZIL;SERIE B;2023;17.09.2023;Vitoria;Avai;1;0;3;0;[40, 64, 90];[];1.8;3.25;4.65;2.3;2.12;https://www.flashscore.com/match/fJeVcoJK/#/
0ddRbR3E;BRAZIL;SERIE B;2023;18.09.2023;Novorizontino;Ceara;3;0;4;1;[9, 41, 45, 79];[90];1.9;3.05;4.4;2.42;2.15;https://www.flashscore.com/match/0ddRbR3E/#/
UXNX5rBs;BRAZIL;SERIE B;2023;19.09.2023;Sampaio Correa;Vila Nova FC;1;1;2;1;[39, 69];[13];2.75;2.77;2.82;2.82;2.25;https://www.flashscore.com/match/UXNX5rBs/#/
bivEkNQ0;BRAZIL;SERIE B;2023;22.09.2023;Ponte Preta;Mirassol;0;1;0;3;[];[23, 71, 90];3.4;2.87;2.3;2.82;2.25;https://www.flashscore.com/match/bivEkNQ0/#/
8ML4CpYD;BRAZIL;SERIE B;2023;22.09.2023;Ituano;Vitoria;0;1;0;2;[];[7, 90];2.35;2.87;3.25;2.42;2.02;https://www.flashscore.com/match/8ML4CpYD/#/
tGTIlst7;BRAZIL;SERIE B;2023;22.09.2023;Atletico GO;Criciuma;0;0;3;1;[51, 67, 72];[63];1.85;3.15;4.45;2.2;1.98;https://www.flashscore.com/match/tGTIlst7/#/
KMGp3te0;BRAZIL;SERIE B;2023;23.09.2023;CRB;Guarani;0;0;1;0;[51];[];2.1;3.0;3.7;2.65;2.25;https://www.flashscore.com/match/KMGp3te0/#/
OfNy52Qm;BRAZIL;SERIE B;2023;23.09.2023;Chapecoense-SC;Ceara;1;0;1;1;[37];[90];2.35;2.9;3.2;2.55;2.1;https://www.flashscore.com/match/OfNy52Qm/#/
xbRu4Muf;BRAZIL;SERIE B;2023;23.09.2023;Tombense;Botafogo SP;0;0;0;0;[];[];1.98;3.0;4.15;2.67;2.3;https://www.flashscore.com/match/xbRu4Muf/#/
SOy6AO2Q;BRAZIL;SERIE B;2023;23.09.2023;Sport Recife;Londrina;1;0;4;0;[31, 50, 74, 86];[];1.33;4.35;10.25;2.07;2.6;https://www.flashscore.com/match/SOy6AO2Q/#/
fJXMm1eD;BRAZIL;SERIE B;2023;25.09.2023;Avai;Juventude;0;2;0;2;[];[24, 30];2.5;2.9;3.0;2.55;2.1;https://www.flashscore.com/match/fJXMm1eD/#/
nDK8B4mK;BRAZIL;SERIE B;2023;25.09.2023;Novorizontino;ABC;2;0;2;1;[2, 45];[90];1.28;4.55;12.5;2.07;2.77;https://www.flashscore.com/match/nDK8B4mK/#/
42v87enn;BRAZIL;SERIE B;2023;28.09.2023;Mirassol;CRB;1;0;1;0;[36];[];1.8;3.2;4.65;2.55;2.32;https://www.flashscore.com/match/42v87enn/#/
YsWO3DoB;BRAZIL;SERIE B;2023;28.09.2023;Londrina;Sampaio Correa;1;0;1;0;[20];[];2.25;2.85;3.55;2.82;2.3;https://www.flashscore.com/match/YsWO3DoB/#/
6wJd0vuJ;BRAZIL;SERIE B;2023;29.09.2023;Avai;Sport Recife;2;1;2;2;[2, 38];[5, 90];3.75;2.95;2.1;2.4;2.05;https://www.flashscore.com/match/6wJd0vuJ/#/
bPwC6F1h;BRAZIL;SERIE B;2023;29.09.2023;Vitoria;Tombense;0;0;1;0;[56];[];1.47;3.65;7.7;2.25;2.35;https://www.flashscore.com/match/bPwC6F1h/#/
fiXK4gW4;BRAZIL;SERIE B;2023;30.09.2023;Juventude;Criciuma;0;0;1;0;[54];[];1.91;3.0;4.5;2.57;2.25;https://www.flashscore.com/match/fiXK4gW4/#/
6HL48yXu;BRAZIL;SERIE B;2023;30.09.2023;Ituano;Botafogo SP;1;1;1;1;[19];[38];1.83;3.05;4.9;2.7;2.42;https://www.flashscore.com/match/6HL48yXu/#/
bDFl20A6;BRAZIL;SERIE B;2023;30.09.2023;Guarani;Novorizontino;1;1;2;1;[34, 83];[9];2.27;2.82;3.5;2.62;2.15;https://www.flashscore.com/match/bDFl20A6/#/
S4VS2X0H;BRAZIL;SERIE B;2023;30.09.2023;ABC;Ponte Preta;0;0;2;0;[73, 90];[];2.45;2.65;3.4;2.92;2.27;https://www.flashscore.com/match/S4VS2X0H/#/
SnKh1KPC;BRAZIL;SERIE B;2023;01.10.2023;Vila Nova FC;Chapecoense-SC;0;0;0;0;[];[];1.72;3.3;5.1;2.42;2.3;https://www.flashscore.com/match/SnKh1KPC/#/
xGxG5ZGb;BRAZIL;SERIE B;2023;01.10.2023;Ceara;Atletico GO;0;0;0;1;[];[68];2.2;2.95;3.5;2.3;1.93;https://www.flashscore.com/match/xGxG5ZGb/#/
WxbkKYVi;BRAZIL;SERIE B;2023;03.10.2023;Mirassol;Londrina;2;0;2;0;[11, 21];[];1.44;3.9;7.8;2.07;2.32;https://www.flashscore.com/match/WxbkKYVi/#/
MRj2HWFA;BRAZIL;SERIE B;2023;05.10.2023;Chapecoense-SC;ABC;0;0;0;0;[];[];1.57;3.35;6.8;2.3;2.3;https://www.flashscore.com/match/MRj2HWFA/#/
IgpBFApN;BRAZIL;SERIE B;2023;06.10.2023;CRB;Ceara;1;0;2;0;[33, 50];[];1.93;3.15;4.15;2.32;2.05;https://www.flashscore.com/match/IgpBFApN/#/
OWOy1BVT;BRAZIL;SERIE B;2023;06.10.2023;Atletico GO;Ituano;1;0;1;0;[45];[];1.62;3.55;5.6;2.07;2.05;https://www.flashscore.com/match/OWOy1BVT/#/
0Ik6GjVG;BRAZIL;SERIE B;2023;07.10.2023;Tombense;Juventude;1;0;1;1;[44];[89];2.77;2.8;2.75;2.67;2.18;https://www.flashscore.com/match/0Ik6GjVG/#/
S4ibIC04;BRAZIL;SERIE B;2023;07.10.2023;Sampaio Correa;Novorizontino;0;0;1;1;[48];[90];2.9;2.8;2.67;2.67;2.15;https://www.flashscore.com/match/S4ibIC04/#/
hnaoLEGo;BRAZIL;SERIE B;2023;07.10.2023;Botafogo SP;Avai;0;0;0;1;[];[56];2.02;2.82;4.4;2.75;2.3;https://www.flashscore.com/match/hnaoLEGo/#/
t8ZW1iGN;BRAZIL;SERIE B;2023;07.10.2023;Guarani;Vila Nova FC;0;1;1;1;[90];[35];2.18;2.8;3.75;2.75;2.25;https://www.flashscore.com/match/t8ZW1iGN/#/
QuB3dVwo;BRAZIL;SERIE B;2023;08.10.2023;Criciuma;Vitoria;1;0;1;0;[23];[];2.18;2.8;3.75;2.55;2.1;https://www.flashscore.com/match/QuB3dVwo/#/
E1mfJhob;BRAZIL;SERIE B;2023;09.10.2023;Sport Recife;Ponte Preta;1;3;3;3;[45, 70, 80];[27, 30, 38];1.36;4.5;8.0;1.91;2.3;https://www.flashscore.com/match/E1mfJhob/#/
4A8hSmUS;BRAZIL;SERIE B;2023;10.10.2023;ABC;Mirassol;0;2;1;2;[75];[10, 21];5.2;3.1;1.78;2.57;2.35;https://www.flashscore.com/match/4A8hSmUS/#/
EPVtAl8p;BRAZIL;SERIE B;2023;11.10.2023;Vila Nova FC;Botafogo SP;2;0;3;1;[15, 41, 57];[74];1.7;3.25;5.5;2.67;2.6;https://www.flashscore.com/match/EPVtAl8p/#/
QaZp98Nj;BRAZIL;SERIE B;2023;13.10.2023;Criciuma;Chapecoense-SC;0;1;1;2;[90];[26, 61];1.75;3.4;4.7;2.25;2.12;https://www.flashscore.com/match/QaZp98Nj/#/
6eCXWBFc;BRAZIL;SERIE B;2023;14.10.2023;Novorizontino;Tombense;0;0;0;0;[];[];1.45;3.9;7.3;1.9;2.02;https://www.flashscore.com/match/6eCXWBFc/#/
S4DTXi0i;BRAZIL;SERIE B;2023;14.10.2023;Ituano;CRB;0;0;0;0;[];[];2.2;3.0;3.45;2.5;2.12;https://www.flashscore.com/match/S4DTXi0i/#/
ELFuVkpA;BRAZIL;SERIE B;2023;14.10.2023;Ceara;Sampaio Correa;0;0;0;0;[];[];1.65;3.4;5.5;2.3;2.18;https://www.flashscore.com/match/ELFuVkpA/#/
dpqFEUaT;BRAZIL;SERIE B;2023;15.10.2023;Ponte Preta;Atletico GO;0;1;0;2;[];[17, 90];3.2;2.8;2.42;2.5;2.02;https://www.flashscore.com/match/dpqFEUaT/#/
zVGyWVU3;BRAZIL;SERIE B;2023;15.10.2023;Vitoria;Guarani;1;0;2;0;[20, 50];[];1.82;3.0;5.2;2.5;2.2;https://www.flashscore.com/match/zVGyWVU3/#/
Am9lTTEM;BRAZIL;SERIE B;2023;15.10.2023;Londrina;Avai;1;0;1;1;[12];[66];2.25;2.85;3.5;2.5;2.05;https://www.flashscore.com/match/Am9lTTEM/#/
dp5pU9aG;BRAZIL;SERIE B;2023;16.10.2023;Juventude;Sport Recife;1;1;2;2;[15, 61];[41, 90];2.32;2.87;3.35;2.42;2.0;https://www.flashscore.com/match/dp5pU9aG/#/
8I9Nu7bS;BRAZIL;SERIE B;2023;19.10.2023;Tombense;Vila Nova FC;0;1;2;1;[87, 90];[18];3.05;2.95;2.42;2.5;2.1;https://www.flashscore.com/match/8I9Nu7bS/#/
YuRGMRij;BRAZIL;SERIE B;2023;19.10.2023;Atletico GO;ABC;1;0;3;1;[4, 52, 85];[82];1.35;4.35;9.5;1.98;2.37;https://www.flashscore.com/match/YuRGMRij/#/
0h6FsTTF;BRAZIL;SERIE B;2023;20.10.2023;Sampaio Correa;Vitoria;0;1;0;1;[];[39];2.72;2.85;2.77;2.65;2.15;https://www.flashscore.com/match/0h6FsTTF/#/
vwI6qka3;BRAZIL;SERIE B;2023;20.10.2023;Mirassol;Guarani;0;0;0;0;[];[];1.78;3.25;4.85;2.55;2.37;https://www.flashscore.com/match/vwI6qka3/#/
EanjyR6q;BRAZIL;SERIE B;2023;21.10.2023;CRB;Criciuma;0;0;0;1;[];[50];2.0;3.2;3.8;2.35;2.1;https://www.flashscore.com/match/EanjyR6q/#/
QZD2pVqc;BRAZIL;SERIE B;2023;21.10.2023;Botafogo SP;Novorizontino;1;0;2;0;[45, 60];[];3.35;2.92;2.27;2.72;2.25;https://www.flashscore.com/match/QZD2pVqc/#/
URAJtmqM;BRAZIL;SERIE B;2023;21.10.2023;Juventude;Londrina;1;2;2;2;[31, 77];[11, 37];1.57;3.55;6.3;2.4;2.4;https://www.flashscore.com/match/URAJtmqM/#/
M17Br9E9;BRAZIL;SERIE B;2023;22.10.2023;Sport Recife;Chapecoense-SC;0;1;2;1;[50, 62];[34];1.45;4.05;6.8;2.05;2.27;https://www.flashscore.com/match/M17Br9E9/#/
CWPKLo7d;BRAZIL;SERIE B;2023;22.10.2023;Avai;Ceara;0;0;1;0;[47];[];2.27;3.05;3.2;2.3;2.0;https://www.flashscore.com/match/CWPKLo7d/#/
6JfKN7xp;BRAZIL;SERIE B;2023;23.10.2023;Ponte Preta;Ituano;0;0;0;0;[];[];2.55;2.85;2.95;2.62;2.12;https://www.flashscore.com/match/6JfKN7xp/#/
lznZzIC0;BRAZIL;SERIE B;2023;26.10.2023;ABC;Avai;0;1;1;1;[86];[35];2.75;2.9;2.67;2.52;2.1;https://www.flashscore.com/match/lznZzIC0/#/
KfbMwKSs;BRAZIL;SERIE B;2023;27.10.2023;Ceara;Sport Recife;1;1;2;1;[12, 68];[17];2.57;3.0;2.82;2.3;1.91;https://www.flashscore.com/match/KfbMwKSs/#/
EeWldSr9;BRAZIL;SERIE B;2023;27.10.2023;Novorizontino;Ponte Preta;0;0;2;0;[55, 74];[];1.37;4.3;8.5;2.07;2.5;https://www.flashscore.com/match/EeWldSr9/#/
QZkfzoMk;BRAZIL;SERIE B;2023;27.10.2023;Guarani;Botafogo SP;0;0;0;1;[];[90];1.65;3.25;5.9;2.57;2.42;https://www.flashscore.com/match/QZkfzoMk/#/
z5Xpc8T2;BRAZIL;SERIE B;2023;28.10.2023;Ituano;Mirassol;0;0;0;0;[];[];3.4;2.82;2.32;2.65;2.15;https://www.flashscore.com/match/z5Xpc8T2/#/
bml2YOj2;BRAZIL;SERIE B;2023;28.10.2023;Criciuma;Sampaio Correa;3;0;3;0;[16, 35, 45];[];1.53;3.5;6.9;2.32;2.35;https://www.flashscore.com/match/bml2YOj2/#/
KdkbZ4yd;BRAZIL;SERIE B;2023;28.10.2023;Vila Nova FC;Atletico GO;0;0;2;1;[80, 90];[48];2.37;2.92;3.15;2.42;2.05;https://www.flashscore.com/match/KdkbZ4yd/#/
tAnVybcf;BRAZIL;SERIE B;2023;29.10.2023;Londrina;CRB;0;0;1;1;[50];[86];2.75;2.85;2.72;2.42;2.02;https://www.flashscore.com/match/tAnVybcf/#/
8IVhenbF;BRAZIL;SERIE B;2023;29.10.2023;Vitoria;Juventude;0;0;0;0;[];[];1.82;3.1;4.8;2.42;2.2;https://www.flashscore.com/match/8IVhenbF/#/
2JmRxvrl;BRAZIL;SERIE B;2023;30.10.2023;Chapecoense-SC;Tombense;0;1;1;2;[48];[45, 90];2.05;3.15;3.6;2.3;2.05;https://www.flashscore.com/match/2JmRxvrl/#/
AkzrZesD;BRAZIL;SERIE B;2023;01.11.2023;Atletico GO;Novorizontino;1;2;2;2;[25, 48];[17, 43];2.25;3.0;3.35;2.32;1.98;https://www.flashscore.com/match/AkzrZesD/#/
GnRXeJlQ;BRAZIL;SERIE B;2023;03.11.2023;Mirassol;Sport Recife;1;0;2;1;[45, 46];[90];1.95;3.1;4.05;2.5;2.2;https://www.flashscore.com/match/GnRXeJlQ/#/
SvQBlys0;BRAZIL;SERIE B;2023;03.11.2023;Londrina;Guarani;0;0;0;0;[];[];2.7;2.87;2.75;2.5;2.02;https://www.flashscore.com/match/SvQBlys0/#/
Ug78kHRg;BRAZIL;SERIE B;2023;03.11.2023;Juventude;Ituano;1;0;2;1;[18, 90];[73];1.75;3.2;5.1;2.42;2.25;https://www.flashscore.com/match/Ug78kHRg/#/
SQpwzxS6;BRAZIL;SERIE B;2023;04.11.2023;Ponte Preta;Avai;0;0;0;1;[];[65];2.42;2.75;3.3;2.57;2.05;https://www.flashscore.com/match/SQpwzxS6/#/
xdSTdaZJ;BRAZIL;SERIE B;2023;04.11.2023;Botafogo SP;Ceara;1;1;2;2;[9, 78];[44, 69];2.1;2.9;3.85;2.55;2.15;https://www.flashscore.com/match/xdSTdaZJ/#/
zX74jcCm;BRAZIL;SERIE B;2023;04.11.2023;Sampaio Correa;Tombense;1;1;1;2;[26];[43, 90];2.22;2.95;3.4;2.42;2.05;https://www.flashscore.com/match/zX74jcCm/#/
dt90iwcs;BRAZIL;SERIE B;2023;05.11.2023;Vitoria;Vila Nova FC;0;1;1;1;[83];[5];1.9;2.95;4.65;2.55;2.2;https://www.flashscore.com/match/dt90iwcs/#/
A3FGmed6;BRAZIL;SERIE B;2023;07.11.2023;CRB;Chapecoense-SC;2;1;3;2;[12, 45, 71];[17, 74];1.93;3.15;4.1;2.35;2.1;https://www.flashscore.com/match/A3FGmed6/#/
OhvnYFdJ;BRAZIL;SERIE B;2023;07.11.2023;Criciuma;ABC;1;0;1;0;[25];[];1.27;4.8;11.5;2.02;2.82;https://www.flashscore.com/match/OhvnYFdJ/#/
ITIOoZQI;BRAZIL;SERIE B;2023;10.11.2023;Vila Nova FC;Londrina;2;0;4;1;[10, 31, 59, 64];[69];1.37;4.35;8.25;2.02;2.4;https://www.flashscore.com/match/ITIOoZQI/#/
WzZvlP7n;BRAZIL;SERIE B;2023;10.11.2023;Sport Recife;Atletico GO;0;0;0;0;[];[];1.87;3.4;4.0;2.07;1.93;https://www.flashscore.com/match/WzZvlP7n/#/
0hr9gopP;BRAZIL;SERIE B;2023;11.11.2023;Ituano;Sampaio Correa;2;0;2;1;[18, 43];[49];1.85;3.0;4.85;2.5;2.18;https://www.flashscore.com/match/0hr9gopP/#/
jwktn3xa;BRAZIL;SERIE B;2023;11.11.2023;Chapecoense-SC;Botafogo SP;0;0;2;0;[46, 80];[];1.75;3.25;5.0;2.42;2.27;https://www.flashscore.com/match/jwktn3xa/#/
dKHSpgtP;BRAZIL;SERIE B;2023;11.11.2023;Avai;CRB;1;0;1;1;[34];[61];2.1;3.1;3.6;2.27;1.95;https://www.flashscore.com/match/dKHSpgtP/#/
UTmpoNi5;BRAZIL;SERIE B;2023;11.11.2023;Tombense;Ponte Preta;0;0;0;1;[];[67];1.6;3.5;5.9;2.27;2.25;https://www.flashscore.com/match/UTmpoNi5/#/
ARXrmqNh;BRAZIL;SERIE B;2023;12.11.2023;Ceara;Mirassol;0;0;2;0;[46, 70];[];3.5;2.87;2.25;2.42;2.02;https://www.flashscore.com/match/ARXrmqNh/#/
xEZzk5ht;BRAZIL;SERIE B;2023;12.11.2023;Novorizontino;Vitoria;1;1;1;2;[20];[45, 90];1.98;3.15;3.95;2.35;2.1;https://www.flashscore.com/match/xEZzk5ht/#/
lfEKnFBC;BRAZIL;SERIE B;2023;14.11.2023;Guarani;Criciuma;0;1;1;1;[76];[15];2.67;2.85;2.82;2.52;2.05;https://www.flashscore.com/match/lfEKnFBC/#/
Ojmlps7B;BRAZIL;SERIE B;2023;14.11.2023;ABC;Juventude;0;0;0;0;[];[];7.8;3.55;1.5;2.5;2.67;https://www.flashscore.com/match/Ojmlps7B/#/
AsM62OMu;BRAZIL;SERIE B;2023;17.11.2023;Ituano;Chapecoense-SC;0;0;0;0;[];[];2.18;3.0;3.5;2.42;2.05;https://www.flashscore.com/match/AsM62OMu/#/
GpCRc0yB;BRAZIL;SERIE B;2023;17.11.2023;Londrina;Novorizontino;0;0;0;1;[];[70];5.5;3.8;1.57;1.95;2.0;https://www.flashscore.com/match/GpCRc0yB/#/
WdAF02ih;BRAZIL;SERIE B;2023;18.11.2023;Vitoria;Sport Recife;0;0;1;0;[65];[];2.85;2.92;2.6;2.37;2.0;https://www.flashscore.com/match/WdAF02ih/#/
KItcrLyO;BRAZIL;SERIE B;2023;18.11.2023;Vila Nova FC;Ceara;1;1;3;1;[4, 55, 57];[41];1.53;3.6;6.7;2.25;2.3;https://www.flashscore.com/match/KItcrLyO/#/
lYKA1rxn;BRAZIL;SERIE B;2023;18.11.2023;Mirassol;Atletico GO;2;0;4;1;[4, 45, 50, 81];[66];2.25;3.05;3.3;2.37;2.05;https://www.flashscore.com/match/lYKA1rxn/#/
xfDNbtM4;BRAZIL;SERIE B;2023;18.11.2023;Juventude;Ponte Preta;0;0;0;0;[];[];1.62;3.4;5.9;2.55;2.52;https://www.flashscore.com/match/xfDNbtM4/#/
b9u1suiU;BRAZIL;SERIE B;2023;18.11.2023;Criciuma;Botafogo SP;1;0;3;0;[36, 82, 90];[];1.42;3.85;8.75;2.35;2.72;https://www.flashscore.com/match/b9u1suiU/#/
xfihq1MH;BRAZIL;SERIE B;2023;19.11.2023;Guarani;ABC;1;1;2;3;[33, 72];[2, 52, 90];1.42;4.05;8.0;2.15;2.5;https://www.flashscore.com/match/xfihq1MH/#/
YL6WdKjH;BRAZIL;SERIE B;2023;19.11.2023;CRB;Tombense;0;0;2;0;[60, 75];[];2.18;3.1;3.35;2.15;1.85;https://www.flashscore.com/match/YL6WdKjH/#/
rXDJaM6b;BRAZIL;SERIE B;2023;20.11.2023;Sampaio Correa;Avai;3;0;4;0;[22, 32, 45, 72];[];1.72;3.3;5.0;2.35;2.2;https://www.flashscore.com/match/rXDJaM6b/#/
hpt9AwLG;BRAZIL;SERIE B;2023;25.11.2023;Tombense;Mirassol;0;0;0;1;[];[89];2.92;3.35;2.27;1.95;1.75;https://www.flashscore.com/match/hpt9AwLG/#/
IRmdDuyb;BRAZIL;SERIE B;2023;25.11.2023;Sport Recife;Sampaio Correa;3;0;4;1;[27, 43, 45, 49];[67];1.5;4.0;6.1;1.91;2.05;https://www.flashscore.com/match/IRmdDuyb/#/
CC5zdv6N;BRAZIL;SERIE B;2023;25.11.2023;Ponte Preta;CRB;1;0;3;0;[21, 47, 84];[];1.65;3.55;5.3;2.3;2.25;https://www.flashscore.com/match/CC5zdv6N/#/
OjZhELLi;BRAZIL;SERIE B;2023;25.11.2023;Novorizontino;Criciuma;1;0;2;0;[3, 74];[];1.45;4.15;6.8;1.98;2.2;https://www.flashscore.com/match/OjZhELLi/#/
vsx5BJ5A;BRAZIL;SERIE B;2023;25.11.2023;Chapecoense-SC;Vitoria;1;1;3;1;[35, 60, 67];[27];1.57;3.85;5.4;2.0;2.05;https://www.flashscore.com/match/vsx5BJ5A/#/
dIn0Caj4;BRAZIL;SERIE B;2023;25.11.2023;Ceara;Juventude;1;1;1;3;[17];[42, 79, 84];3.8;3.2;2.0;2.32;2.1;https://www.flashscore.com/match/dIn0Caj4/#/
p0zkF16o;BRAZIL;SERIE B;2023;25.11.2023;Botafogo SP;Londrina;0;0;0;1;[];[60];1.62;3.7;5.2;1.98;1.95;https://www.flashscore.com/match/p0zkF16o/#/
red6jITp;BRAZIL;SERIE B;2023;25.11.2023;Avai;Ituano;0;0;0;0;[];[];2.35;3.25;2.9;2.07;1.82;https://www.flashscore.com/match/red6jITp/#/
6Z4vebLT;BRAZIL;SERIE B;2023;25.11.2023;Atletico GO;Guarani;0;0;3;0;[51, 54, 90];[];1.32;4.55;10.0;1.93;2.42;https://www.flashscore.com/match/6Z4vebLT/#/
pt4xgBkq;BRAZIL;SERIE B;2023;25.11.2023;ABC;Vila Nova FC;2;0;3;2;[14, 42, 90];[79, 90];7.5;4.1;1.42;2.15;2.42;https://www.flashscore.com/match/pt4xgBkq/#/
